{"current_price": 95698, "price_24h": 96591.97631370933, "price_7d": 96956.93589939999, "price_14d": 96160.06822320001}